Province,Month,Year,Temp_pred
上海,1,2023,6.308809920948619
上海,1,2024,6.386374298418957
上海,1,2025,6.463938675889324
上海,1,2026,6.541503053359662
上海,1,2027,6.619067430830029
上海,2,2023,7.502737786561255
上海,2,2024,7.543589377470354
上海,2,2025,7.58444096837944
上海,2,2026,7.625292559288525
上海,2,2027,7.666144150197624
上海,3,2023,12.17157047430831
上海,3,2024,12.244653666007906
上海,3,2025,12.317736857707501
上海,3,2026,12.390820049407125
上海,3,2027,12.46390324110672
上海,4,2023,16.9775209486166
上海,4,2024,17.019250592885385
上海,4,2025,17.060980237154155
上海,4,2026,17.102709881422925
上海,4,2027,17.14443952569171
上海,5,2023,22.180548221343884
上海,5,2024,22.236816007905148
上海,5,2025,22.293083794466412
上海,5,2026,22.349351581027676
上海,5,2027,22.40561936758894
上海,6,2023,25.1463415019763
上海,6,2024,25.15638191699606
上海,6,2025,25.166422332015827
上海,6,2026,25.17646274703559
上海,6,2027,25.186503162055356
上海,7,2023,29.639970750988144
上海,7,2024,29.651788241106722
上海,7,2025,29.6636057312253
上海,7,2026,29.675423221343877
上海,7,2027,29.687240711462454
上海,8,2023,30.108449407114648
上海,8,2024,30.191977075098833
上海,8,2025,30.27550474308302
上海,8,2026,30.359032411067204
上海,8,2027,30.44256007905139
上海,9,2023,25.32975494071146
上海,9,2024,25.350466403162052
上海,9,2025,25.371177865612644
上海,9,2026,25.391889328063236
上海,9,2027,25.412600790513828
上海,10,2023,20.008063636363634
上海,10,2024,20.01531422924901
上海,10,2025,20.022564822134385
上海,10,2026,20.029815415019762
上海,10,2027,20.03706600790514
上海,11,2023,15.229814624505906
上海,11,2024,15.31588250988139
上海,11,2025,15.401950395256904
上海,11,2026,15.488018280632389
上海,11,2027,15.574086166007874
上海,12,2023,7.716868142292483
上海,12,2024,7.73486737154149
上海,12,2025,7.7528666007905045
上海,12,2026,7.7708658300395115
上海,12,2027,7.788865059288526
云南,1,2023,10.164637628458495
云南,1,2024,10.174715256916995
云南,1,2025,10.184792885375492
云南,1,2026,10.194870513833992
云南,1,2027,10.204948142292489
云南,2,2023,12.011565691699602
云南,2,2024,11.991854970355725
云南,2,2025,11.972144249011848
云南,2,2026,11.952433527667978
云南,2,2027,11.9327228063241
云南,3,2023,16.215215810276675
云南,3,2024,16.268307707509877
云南,3,2025,16.32139960474308
云南,3,2026,16.37449150197628
云南,3,2027,16.42758339920948
云南,4,2023,17.977455335968365
云南,4,2024,17.947999802371527
云南,4,2025,17.91854426877469
云南,4,2026,17.889088735177843
云南,4,2027,17.859633201581005
云南,5,2023,21.09108339920948
云南,5,2024,21.1509037549407
云南,5,2025,21.210724110671933
云南,5,2026,21.27054446640315
云南,5,2027,21.33036482213437
云南,6,2023,22.056543478260863
云南,6,2024,22.09603695652173
云南,6,2025,22.135530434782595
云南,6,2026,22.17502391304346
云南,6,2027,22.214517391304327
云南,7,2023,21.707952569169954
云南,7,2024,21.724148616600786
云南,7,2025,21.740344664031618
云南,7,2026,21.75654071146245
云南,7,2027,21.772736758893274
云南,8,2023,21.56592173913043
云南,8,2024,21.587554347826078
云南,8,2025,21.609186956521732
云南,8,2026,21.630819565217386
云南,8,2027,21.652452173913034
云南,9,2023,20.5241747035573
云南,9,2024,20.557309189723306
云南,9,2025,20.590443675889325
云南,9,2026,20.62357816205533
云南,9,2027,20.656712648221337
云南,10,2023,17.571455335968384
云南,10,2024,17.5765976284585
云南,10,2025,17.58173992094862
云南,10,2026,17.58688221343874
云南,10,2027,17.59202450592886
云南,11,2023,14.46848577075096
云南,11,2024,14.523976976284558
云南,11,2025,14.579468181818157
云南,11,2026,14.634959387351756
云南,11,2027,14.690450592885355
云南,12,2023,10.481897984189722
云南,12,2024,10.477785316205532
云南,12,2025,10.473672648221342
云南,12,2026,10.469559980237152
云南,12,2027,10.465447312252962
内蒙古,1,2023,-14.449034782608749
内蒙古,1,2024,-14.368461956521799
内蒙古,1,2025,-14.28788913043482
内蒙古,1,2026,-14.20731630434787
内蒙古,1,2027,-14.12674347826092
内蒙古,2,2023,-10.727712371541514
内蒙古,2,2024,-10.7176863735178
内蒙古,2,2025,-10.707660375494086
内蒙古,2,2026,-10.697634377470372
内蒙古,2,2027,-10.687608379446658
内蒙古,3,2023,-0.07319494071151667
内蒙古,3,2024,0.06738859249003326
内蒙古,3,2025,0.20797212569164003
内蒙古,3,2026,0.34855565889318996
内蒙古,3,2027,0.4891391920947967
内蒙古,4,2023,7.83336324110671
内蒙古,4,2024,7.880045612648203
内蒙古,4,2025,7.926727984189711
内蒙古,4,2026,7.973410355731218
内蒙古,4,2027,8.020092727272711
内蒙古,5,2023,14.730105928853757
内蒙古,5,2024,14.732153162055337
内蒙古,5,2025,14.734200395256916
内蒙古,5,2026,14.7362476284585
内蒙古,5,2027,14.73829486166008
内蒙古,6,2023,19.786085375494082
内蒙古,6,2024,19.766177272727283
内蒙古,6,2025,19.746269169960485
内蒙古,6,2026,19.726361067193686
内蒙古,6,2027,19.706452964426887
内蒙古,7,2023,22.590080632411073
内蒙古,7,2024,22.59646669960475
内蒙古,7,2025,22.602852766798428
内蒙古,7,2026,22.6092388339921
内蒙古,7,2027,22.615624901185782
内蒙古,8,2023,20.033995652173893
内蒙古,8,2024,20.01084891304346
内蒙古,8,2025,19.98770217391302
内蒙古,8,2026,19.96455543478259
内蒙古,8,2027,19.94140869565215
内蒙古,9,2023,14.579818972332026
内蒙古,9,2024,14.592182509881434
内蒙古,9,2025,14.604546047430842
内蒙古,9,2026,14.616909584980247
内蒙古,9,2027,14.629273122529655
内蒙古,10,2023,5.501154545454541
内蒙古,10,2024,5.497873003952565
内蒙古,10,2025,5.494591462450588
内蒙古,10,2026,5.491309920948611
内蒙古,10,2027,5.488028379446635
内蒙古,11,2023,-4.127154901185776
内蒙古,11,2024,-4.054702084980249
内蒙古,11,2025,-3.982249268774723
内蒙古,11,2026,-3.909796452569168
内蒙古,11,2027,-3.8373436363636415
内蒙古,12,2023,-13.253126482213453
内蒙古,12,2024,-13.225077964426887
内蒙古,12,2025,-13.197029446640329
内蒙古,12,2026,-13.16898092885377
内蒙古,12,2027,-13.140932411067212
北京,1,2023,-2.5933170355731363
北京,1,2024,-2.5394173754940823
北京,1,2025,-2.4855177154150425
北京,1,2026,-2.4316180553359885
北京,1,2027,-2.3777183952569345
北京,2,2023,0.05162001976283892
北京,2,2024,0.05077759387351022
北京,2,2025,0.04993516798418152
北京,2,2026,0.04909274209485304
北京,2,2027,0.048250316205524335
北京,3,2023,8.380930474308272
北京,3,2024,8.446114752964391
北京,3,2025,8.51129903162051
北京,3,2026,8.576483310276657
北京,3,2027,8.641667588932776
北京,4,2023,15.39950513833994
北京,4,2024,15.435886363636378
北京,4,2025,15.472267588932816
北京,4,2026,15.508648814229268
北京,4,2027,15.545030039525706
北京,5,2023,21.644351383399204
北京,5,2024,21.665060375494065
北京,5,2025,21.685769367588925
北京,5,2026,21.706478359683786
北京,5,2027,21.727187351778646
北京,6,2023,25.731715810276683
北京,6,2024,25.772610968379453
北京,6,2025,25.81350612648221
北京,6,2026,25.85440128458498
北京,6,2027,25.89529644268775
北京,7,2023,27.190409486166015
北京,7,2024,27.2035928853755
北京,7,2025,27.216776284584988
北京,7,2026,27.229959683794473
北京,7,2027,27.24314308300396
北京,8,2023,26.32842924901184
北京,8,2024,26.36857045454544
北京,8,2025,26.408711660079028
北京,8,2026,26.44885286561263
北京,8,2027,26.48899407114623
北京,9,2023,21.50304743083005
北京,9,2024,21.544725296442707
北京,9,2025,21.586403162055348
北京,9,2026,21.628081027668003
北京,9,2027,21.669758893280644
北京,10,2023,12.893098023715424
北京,10,2024,12.87198952569171
北京,10,2025,12.850881027667988
北京,10,2026,12.829772529644274
北京,10,2027,12.808664031620559
北京,11,2023,5.328526086956501
北京,11,2024,5.369130978260856
北京,11,2025,5.409735869565196
北京,11,2026,5.450340760869551
北京,11,2027,5.490945652173892
北京,12,2023,-1.8007929460869638
北京,12,2024,-1.8037637956521824
北京,12,2025,-1.8067346452174
北京,12,2026,-1.8097054947826186
北京,12,2027,-1.8126763443478362
吉林,1,2023,-15.00165415019763
吉林,1,2024,-14.97711482213439
吉林,1,2025,-14.952575494071148
吉林,1,2026,-14.928036166007907
吉林,1,2027,-14.903496837944665
吉林,2,2023,-10.72637644268778
吉林,2,2024,-10.760647124505951
吉林,2,2025,-10.794917806324136
吉林,2,2026,-10.829188488142321
吉林,2,2027,-10.863459169960507
吉林,3,2023,-0.16805530276684522
吉林,3,2024,-0.0957253566206191
吉林,3,2025,-0.023395410474364553
吉林,3,2026,0.04893453567188999
吉林,3,2027,0.12126448181811611
吉林,4,2023,8.291534545454537
吉林,4,2024,8.302043221343867
吉林,4,2025,8.312551897233194
吉林,4,2026,8.323060573122524
吉林,4,2027,8.33356924901185
吉林,5,2023,15.458855335968373
吉林,5,2024,15.443975889328055
吉林,5,2025,15.42909644268774
吉林,5,2026,15.414216996047422
吉林,5,2027,15.399337549407104
吉林,6,2023,20.00754347826087
吉林,6,2024,19.959491304347836
吉林,6,2025,19.911439130434786
吉林,6,2026,19.863386956521737
吉林,6,2027,19.8153347826087
吉林,7,2023,24.097093280632407
吉林,7,2024,24.164885474308278
吉林,7,2025,24.232677667984177
吉林,7,2026,24.300469861660076
吉林,7,2027,24.368262055335947
吉林,8,2023,21.616832806324123
吉林,8,2024,21.602671047430842
吉林,8,2025,21.588509288537562
吉林,8,2026,21.57434752964428
吉林,8,2027,21.560185770751
吉林,9,2023,15.932975889328068
吉林,9,2024,15.930352865612653
吉林,9,2025,15.92772984189724
吉林,9,2026,15.925106818181824
吉林,9,2027,15.922483794466409
吉林,10,2023,7.131275177865611
吉林,10,2024,7.115925790513831
吉林,10,2025,7.1005764031620515
吉林,10,2026,7.085227015810272
吉林,10,2027,7.069877628458492
吉林,11,2023,-2.5746565928853755
吉林,11,2024,-2.5246710009881355
吉林,11,2025,-2.4746854090909096
吉林,11,2026,-2.4246998171936696
吉林,11,2027,-2.3747142252964437
吉林,12,2023,-12.807358418972363
吉林,12,2024,-12.794967924901222
吉林,12,2025,-12.782577430830077
吉林,12,2026,-12.770186936758932
吉林,12,2027,-12.757796442687788
四川,1,2023,2.2528954387351803
四川,1,2024,2.3062982035573043
四川,1,2025,2.3597009683794425
四川,1,2026,2.413103733201581
四川,1,2027,2.466506498023719
四川,2,2023,4.668513162055312
四川,2,2024,4.701942628458475
四川,2,2025,4.7353720948616385
四川,2,2026,4.768801561264802
四川,2,2027,4.802231027667965
四川,3,2023,9.394464980237132
四川,3,2024,9.496577569169915
四川,3,2025,9.598690158102727
四川,3,2026,9.700802747035539
四川,3,2027,9.80291533596835
四川,4,2023,12.49328142292488
四川,4,2024,12.542185671936736
四川,4,2025,12.59108992094859
四川,4,2026,12.639994169960445
四川,4,2027,12.6888984189723
四川,5,2023,16.032527667984183
四川,5,2024,16.093010770750993
四川,5,2025,16.15349387351779
四川,5,2026,16.213976976284584
四川,5,2027,16.27446007905138
四川,6,2023,18.970321343873536
四川,6,2024,19.062412252964435
四川,6,2025,19.154503162055335
四川,6,2026,19.246594071146262
四川,6,2027,19.33868498023716
四川,7,2023,20.11294664031621
四川,7,2024,20.16738023715415
四川,7,2025,20.2218138339921
四川,7,2026,20.27624743083004
四川,7,2027,20.330681027667993
四川,8,2023,20.83358181818187
四川,8,2024,20.970659288537604
四川,8,2025,21.10773675889334
四川,8,2026,21.244814229249073
四川,8,2027,21.381891699604807
四川,9,2023,16.730233201581015
四川,9,2024,16.778662055335957
四川,9,2025,16.8270909090909
四川,9,2026,16.87551976284584
四川,9,2027,16.923948616600782
四川,10,2023,12.516205928853736
四川,10,2024,12.580265118577046
四川,10,2025,12.644324308300384
四川,10,2026,12.708383498023693
四川,10,2027,12.77244268774703
四川,11,2023,7.689383952569159
四川,11,2024,7.777250948616597
四川,11,2025,7.865117944664036
四川,11,2026,7.9529849407114455
四川,11,2027,8.040851936758884
四川,12,2023,2.841672608695646
四川,12,2024,2.8810597826086877
四川,12,2025,2.9204469565217295
四川,12,2026,2.9598341304347713
四川,12,2027,2.999221304347813
天津,1,2023,-1.9198426679841987
天津,1,2024,-1.8453743250988452
天津,1,2025,-1.7709059822134634
天津,1,2026,-1.6964376393280816
天津,1,2027,-1.6219692964426997
天津,2,2023,0.5992348893280592
天津,2,2024,0.6143578330039468
天津,2,2025,0.6294807766798378
天津,2,2026,0.6446037203557253
天津,2,2027,0.6597266640316128
天津,3,2023,8.67089952569171
天津,3,2024,8.742744594861648
天津,3,2025,8.814589664031615
天津,3,2026,8.886434733201583
天津,3,2027,8.95827980237155
天津,4,2023,15.25906403162056
天津,4,2024,15.283898715415027
天津,4,2025,15.308733399209494
天津,4,2026,15.33356808300396
天津,4,2027,15.358402766798427
天津,5,2023,21.977693280632394
天津,5,2024,22.01987243083002
天津,5,2025,22.062051581027646
天津,5,2026,22.104230731225286
天津,5,2027,22.146409881422912
天津,6,2023,25.782693280632415
天津,6,2024,25.828524604743095
天津,6,2025,25.87435592885376
天津,6,2026,25.92018725296444
天津,6,2027,25.966018577075104
天津,7,2023,27.650495652173916
天津,7,2024,27.67674782608696
天津,7,2025,27.703000000000003
天津,7,2026,27.729252173913046
天津,7,2027,27.75550434782609
天津,8,2023,26.664945059288534
天津,8,2024,26.69811511857707
天津,8,2025,26.731285177865608
天津,8,2026,26.764455237154145
天津,8,2027,26.797625296442682
天津,9,2023,22.581856916996045
天津,9,2024,22.64221818181818
天津,9,2025,22.702579446640314
天津,9,2026,22.762940711462463
天津,9,2027,22.823301976284597
天津,10,2023,14.373826877470353
天津,10,2024,14.38210918972332
天津,10,2025,14.390391501976282
天津,10,2026,14.398673814229248
天津,10,2027,14.40695612648221
天津,11,2023,6.763837272727272
天津,11,2024,6.840875306324108
天津,11,2025,6.917913339920943
天津,11,2026,6.994951373517779
天津,11,2027,7.071989407114643
天津,12,2023,-0.7616739249011886
天津,12,2024,-0.7364168824110706
天津,12,2025,-0.7111598399209527
天津,12,2026,-0.6859027974308347
天津,12,2027,-0.6606457549407168
宁夏,1,2023,-5.2519557312253085
宁夏,1,2024,-5.1700583102767155
宁夏,1,2025,-5.088160889328094
宁夏,1,2026,-5.006263468379473
宁夏,1,2027,-4.924366047430851
宁夏,2,2023,-1.1833402450592985
宁夏,2,2024,-1.1462775988142369
宁夏,2,2025,-1.1092149525691752
宁夏,2,2026,-1.0721523063241278
宁夏,2,2027,-1.0350896600790662
宁夏,3,2023,7.744860592885345
宁夏,3,2024,7.899653142292436
宁夏,3,2025,8.054445691699527
宁夏,3,2026,8.209238241106675
宁夏,3,2027,8.364030790513766
宁夏,4,2023,13.4537533201581
宁夏,4,2024,13.515985553359684
宁夏,4,2025,13.578217786561268
宁夏,4,2026,13.640450019762852
宁夏,4,2027,13.702682252964422
宁夏,5,2023,18.360896837944683
宁夏,5,2024,18.37068280632413
宁夏,5,2025,18.380468774703576
宁夏,5,2026,18.390254743083023
宁夏,5,2027,18.400040711462474
宁夏,6,2023,23.276999999999987
宁夏,6,2024,23.3242554347826
宁夏,6,2025,23.371510869565213
宁夏,6,2026,23.418766304347812
宁夏,6,2027,23.466021739130426
宁夏,7,2023,25.124137549407138
宁夏,7,2024,25.176763142292515
宁夏,7,2025,25.229388735177892
宁夏,7,2026,25.28201432806327
宁夏,7,2027,25.334639920948646
宁夏,8,2023,22.922805928853748
宁夏,8,2024,22.964970553359677
宁夏,8,2025,23.007135177865607
宁夏,8,2026,23.049299802371536
宁夏,8,2027,23.091464426877465
宁夏,9,2023,18.03572845849797
宁夏,9,2024,18.11416561264818
宁夏,9,2025,18.192602766798387
宁夏,9,2026,18.271039920948567
宁夏,9,2027,18.349477075098775
宁夏,10,2023,10.373600197628457
宁夏,10,2024,10.379196264822133
宁夏,10,2025,10.384792332015808
宁夏,10,2026,10.390388399209483
宁夏,10,2027,10.395984466403158
宁夏,11,2023,3.247868798418949
宁夏,11,2024,3.3158952598814153
宁夏,11,2025,3.383921721343853
宁夏,11,2026,3.451948182806291
宁夏,11,2027,3.519974644268757
宁夏,12,2023,-4.3947742687746825
宁夏,12,2024,-4.3640778853754725
宁夏,12,2025,-4.3333815019762625
宁夏,12,2026,-4.3026851185770525
宁夏,12,2027,-4.2719887351778425
安徽,1,2023,4.274544320158043
安徽,1,2024,4.384931325098762
安徽,1,2025,4.495318330039481
安徽,1,2026,4.605705334980172
安徽,1,2027,4.716092339920891
安徽,2,2023,5.956943162055353
安徽,2,2024,6.004680128458503
安徽,2,2025,6.052417094861667
安徽,2,2026,6.100154061264831
安徽,2,2027,6.1478910276679954
安徽,3,2023,11.226238656126469
安徽,3,2024,11.293804051383404
安徽,3,2025,11.36136944664031
安徽,3,2026,11.428934841897217
安徽,3,2027,11.496500237154152
安徽,4,2023,15.99309486166009
安徽,4,2024,16.010108201581033
安徽,4,2025,16.027121541501984
安徽,4,2026,16.044134881422934
安徽,4,2027,16.061148221343885
安徽,5,2023,21.127986561264827
安徽,5,2024,21.143613339920954
安徽,5,2025,21.15924011857708
安徽,5,2026,21.17486689723321
安徽,5,2027,21.190493675889336
安徽,6,2023,24.857710671936765
安徽,6,2024,24.8709550395257
安徽,6,2025,24.884199407114632
安徽,6,2026,24.897443774703568
安徽,6,2027,24.9106881422925
安徽,7,2023,27.56460474308301
安徽,7,2024,27.558924703557317
安徽,7,2025,27.553244664031624
安徽,7,2026,27.547564624505934
安徽,7,2027,27.541884584980245
安徽,8,2023,28.075876679841883
安徽,8,2024,28.16846966403162
安徽,8,2025,28.261062648221326
安徽,8,2026,28.353655632411062
安徽,8,2027,28.446248616600798
安徽,9,2023,23.470196047430832
安徽,9,2024,23.522727964426878
安徽,9,2025,23.575259881422923
安徽,9,2026,23.62779179841897
安徽,9,2027,23.680323715415014
安徽,10,2023,17.63128893280632
安徽,10,2024,17.652041996047423
安徽,10,2025,17.672795059288532
安徽,10,2026,17.693548122529634
安徽,10,2027,17.714301185770744
安徽,11,2023,12.683036007905088
安徽,11,2024,12.798879733201545
安徽,11,2025,12.914723458497974
安徽,11,2026,13.030567183794432
安徽,11,2027,13.14641090909086
安徽,12,2023,5.423212332015808
安徽,12,2024,5.4713687944664
安徽,12,2025,5.519525256916992
安徽,12,2026,5.5676817193675845
安徽,12,2027,5.615838181818177
山东,1,2023,-0.16599129762846587
山东,1,2024,-0.09817280177864518
山东,1,2025,-0.03035430592885291
山东,1,2026,0.03746418992093936
山东,1,2027,0.10528268577076005
山东,2,2023,2.1102962577075104
山东,2,2024,2.140463623023713
山东,2,2025,2.1706309883399157
山东,2,2026,2.2007983536561255
山东,2,2027,2.230965718972328
山东,3,2023,8.378911383399185
山东,3,2024,8.45024287549407
山东,3,2025,8.521574367588926
山东,3,2026,8.592905859683782
山东,3,2027,8.664237351778638
山东,4,2023,13.477082213438747
山东,4,2024,13.486374209486177
山东,4,2025,13.495666205533611
山东,4,2026,13.504958201581042
山东,4,2027,13.514250197628476
山东,5,2023,19.70855454545454
山东,5,2024,19.743202569169945
山东,5,2025,19.777850592885365
山东,5,2026,19.812498616600784
山东,5,2027,19.84714664031619
山东,6,2023,23.82693162055337
山东,6,2024,23.850774110671946
山东,6,2025,23.87461660079052
山东,6,2026,23.898459090909103
山东,6,2027,23.92230158102768
山东,7,2023,26.140554150197616
山东,7,2024,26.167282213438725
山东,7,2025,26.194010276679833
山东,7,2026,26.220738339920942
山东,7,2027,26.247466403162043
山东,8,2023,25.971959683794466
山东,8,2024,26.02639328063242
山东,8,2025,26.080826877470358
山东,8,2026,26.135260474308296
山东,8,2027,26.18969407114625
山东,9,2023,21.991458498023732
山东,9,2024,22.042226778656143
山东,9,2025,22.092995059288555
山东,9,2026,22.143763339920966
山东,9,2027,22.194531620553377
山东,10,2023,15.130602766798411
山东,10,2024,15.119415316205526
山东,10,2025,15.10822786561264
山东,10,2026,15.097040415019755
山东,10,2027,15.08585296442687
山东,11,2023,8.990030434782597
山东,11,2024,9.076074999999975
山东,11,2025,9.162119565217381
山东,11,2026,9.248164130434759
山东,11,2027,9.334208695652137
山东,12,2023,1.23833796521739
山东,12,2024,1.2608577510869594
山东,12,2025,1.2833775369565217
山东,12,2026,1.305897322826091
山东,12,2027,1.3284171086956533
山西,1,2023,-4.278581027667968
山西,1,2024,-4.182933033596839
山西,1,2025,-4.087285039525682
山西,1,2026,-3.991637045454553
山西,1,2027,-3.8959890513833955
山西,2,2023,-1.3334687588932823
山西,2,2024,-1.3388741351778677
山西,2,2025,-1.344279511462453
山西,2,2026,-1.3496848877470384
山西,2,2027,-1.3550902640316238
山西,3,2023,6.8455334782608475
山西,3,2024,6.9409864130434755
山西,3,2025,7.036439347826075
山西,3,2026,7.131892282608675
山西,3,2027,7.2273452173912744
山西,4,2023,12.423549960474315
山西,4,2024,12.436363616600797
山西,4,2025,12.44917727272728
山西,4,2026,12.461990928853762
山西,4,2027,12.474804584980244
山西,5,2023,18.077959288537556
山西,5,2024,18.0653881422925
山西,5,2025,18.05281699604744
山西,5,2026,18.04024584980238
山西,5,2027,18.02767470355732
山西,6,2023,22.608296837944664
山西,6,2024,22.640291501976293
山西,6,2025,22.672286166007908
山西,6,2026,22.704280830039536
山西,6,2027,22.73627549407115
山西,7,2023,23.6366347826087
山西,7,2024,23.626089130434785
山西,7,2025,23.61554347826087
山西,7,2026,23.604997826086958
山西,7,2027,23.594452173913048
山西,8,2023,22.537110671936745
山西,8,2024,22.5831409090909
山西,8,2025,22.629171146245042
山西,8,2026,22.675201383399198
山西,8,2027,22.72123162055334
山西,9,2023,17.556966007905146
山西,9,2024,17.6028178853755
山西,9,2025,17.648669762845856
山西,9,2026,17.69452164031621
山西,9,2027,17.740373517786566
山西,10,2023,10.399359011857701
山西,10,2024,10.401793675889323
山西,10,2025,10.404228339920941
山西,10,2026,10.406663003952563
山西,10,2027,10.409097667984183
山西,11,2023,3.7528740079051204
山西,11,2024,3.8349373201581045
山西,11,2025,3.9170006324110602
山西,11,2026,3.999063944664016
山西,11,2027,4.081127256916972
山西,12,2023,-3.9263870355731214
山西,12,2024,-3.904403201581026
山西,12,2025,-3.8824193675889305
山西,12,2026,-3.860435533596842
山西,12,2027,-3.8384516996047466
广东,1,2023,13.387341620553366
广东,1,2024,13.387835197628464
广东,1,2025,13.388328774703563
广东,1,2026,13.388822351778662
广东,1,2027,13.389315928853762
广东,2,2023,14.64349802371541
广东,2,2024,14.60570256916995
广东,2,2025,14.56790711462449
广东,2,2026,14.530111660079044
广东,2,2027,14.492316205533584
广东,3,2023,18.524996442687744
广东,3,2024,18.55262658102766
广东,3,2025,18.580256719367583
广东,3,2026,18.607886857707506
广东,3,2027,18.63551699604743
广东,4,2023,21.944262055335948
广东,4,2024,21.920859980237132
广东,4,2025,21.897457905138317
广东,4,2026,21.874055830039502
广东,4,2027,21.850653754940687
广东,5,2023,25.534308300395246
广东,5,2024,25.51595573122529
广东,5,2025,25.497603162055327
广东,5,2026,25.479250592885364
广东,5,2027,25.4608980237154
广东,6,2023,28.14380830039525
广东,6,2024,28.166842687747028
广东,6,2025,28.189877075098806
广东,6,2026,28.212911462450585
广东,6,2027,28.235945849802363
广东,7,2023,29.473968774703568
广东,7,2024,29.500904940711468
广东,7,2025,29.527841106719375
广东,7,2026,29.554777272727282
广东,7,2027,29.58171343873519
广东,8,2023,28.973375889328057
广东,8,2024,28.988948517786557
广东,8,2025,29.004521146245054
广东,8,2026,29.020093774703554
广东,8,2027,29.03566640316205
广东,9,2023,28.068172727272724
广东,9,2024,28.117809584980236
广东,9,2025,28.167446442687748
广东,9,2026,28.21708330039526
广东,9,2027,28.26672015810277
广东,10,2023,23.816281027667998
广东,10,2024,23.790608794466415
广东,10,2025,23.76493656126484
广东,10,2026,23.739264328063257
广东,10,2027,23.713592094861674
广东,11,2023,20.215202371541487
广东,11,2024,20.25029278656124
广东,11,2025,20.285383201581006
广东,11,2026,20.320473616600772
广东,11,2027,20.35556403162054
广东,12,2023,14.164575889328077
广东,12,2024,14.11594199604744
广东,12,2025,14.067308102766802
广东,12,2026,14.018674209486178
广东,12,2027,13.97004031620554
广西,1,2023,11.972263162055334
广西,1,2024,11.985709476284583
广西,1,2025,11.999155790513832
广西,1,2026,12.012602104743081
广西,1,2027,12.02604841897233
广西,2,2023,13.784720632411052
广西,2,2024,13.769482460474293
广西,2,2025,13.754244288537532
广西,2,2026,13.739006116600773
广西,2,2027,13.723767944664012
广西,3,2023,18.119455731225287
广西,3,2024,18.17444189723318
广西,3,2025,18.229428063241087
广西,3,2026,18.284414229248995
广西,3,2027,18.339400395256902
广西,4,2023,21.761734782608684
广西,4,2024,21.74063260869564
广西,4,2025,21.71953043478259
广西,4,2026,21.698428260869548
广西,4,2027,21.677326086956505
广西,5,2023,25.443202371541485
广西,5,2024,25.440660177865595
广西,5,2025,25.438117984189702
广西,5,2026,25.435575790513813
广西,5,2027,25.433033596837923
广西,6,2023,27.793320158102766
广西,6,2024,27.82317075098814
广西,6,2025,27.853021343873515
广西,6,2026,27.88287193675889
广西,6,2027,27.912722529644263
广西,7,2023,28.644913043478255
广西,7,2024,28.664056521739127
广西,7,2025,28.683199999999992
广西,7,2026,28.702343478260865
广西,7,2027,28.721486956521737
广西,8,2023,28.398274703557323
广西,8,2024,28.417673320158112
广西,8,2025,28.437071936758908
广西,8,2026,28.456470553359697
广西,8,2027,28.475869169960486
广西,9,2023,27.260743083003945
广西,9,2024,27.312439426877475
广西,9,2025,27.36413577075099
广西,9,2026,27.415832114624507
广西,9,2027,27.467528458498023
广西,10,2023,22.669204743083
广西,10,2024,22.641126877470356
广西,10,2025,22.613049011857704
广西,10,2026,22.58497114624506
广西,10,2027,22.55689328063241
广西,11,2023,19.008774703557307
广西,11,2024,19.053130928853747
广西,11,2025,19.097487154150187
广西,11,2026,19.141843379446627
广西,11,2027,19.18619960474308
广西,12,2023,12.865171936758898
广西,12,2024,12.830261264822141
广西,12,2025,12.795350592885384
广西,12,2026,12.760439920948627
广西,12,2027,12.725529249011856
新疆,1,2023,-9.893909367588932
新疆,1,2024,-9.84557721343873
新疆,1,2025,-9.797245059288528
新疆,1,2026,-9.74891290513834
新疆,1,2027,-9.700580750988138
新疆,2,2023,-4.323815098814222
新疆,2,2024,-4.275533349802359
新疆,2,2025,-4.22725160079051
新疆,2,2026,-4.178969851778646
新疆,2,2027,-4.130688102766797
新疆,3,2023,6.455421079051348
新疆,3,2024,6.557193440711416
新疆,3,2025,6.658965802371483
新疆,3,2026,6.760738164031579
新疆,3,2027,6.862510525691647
新疆,4,2023,15.2312077865613
新疆,4,2024,15.326824051383454
新疆,4,2025,15.42244031620558
新疆,4,2026,15.518056581027707
新疆,4,2027,15.613672845849862
新疆,5,2023,20.1579928853755
新疆,5,2024,20.19467272727274
新疆,5,2025,20.231352569169978
新疆,5,2026,20.268032411067217
新疆,5,2027,20.304712252964443
新疆,6,2023,24.159570750988134
新疆,6,2024,24.169799110671928
新疆,6,2025,24.180027470355725
新疆,6,2026,24.19025583003952
新疆,6,2027,24.200484189723312
新疆,7,2023,26.539058498023707
新疆,7,2024,26.616661561264834
新疆,7,2025,26.694264624505934
新疆,7,2026,26.771867687747033
新疆,7,2027,26.849470750988132
新疆,8,2023,24.300246640316182
新疆,8,2024,24.318305237154128
新疆,8,2025,24.336363833992074
新疆,8,2026,24.354422430830013
新疆,8,2027,24.37248102766796
新疆,9,2023,19.401632806324116
新疆,9,2024,19.464301482213443
新疆,9,2025,19.526970158102785
新疆,9,2026,19.58963883399211
新疆,9,2027,19.65230750988144
新疆,10,2023,10.468954703557294
新疆,10,2024,10.483326254940692
新疆,10,2025,10.497697806324087
新疆,10,2026,10.512069357707485
新疆,10,2027,10.526440909090883
新疆,11,2023,0.2240157675889094
新疆,11,2024,0.17879890800392673
新疆,11,2025,0.13358204841894405
新疆,11,2026,0.08836518883396138
新疆,11,2027,0.04314832924897871
新疆,12,2023,-7.915731818181818
新疆,12,2024,-7.898730918972333
新疆,12,2025,-7.881730019762841
新疆,12,2026,-7.864729120553356
新疆,12,2027,-7.847728221343871
江苏,1,2023,3.406687391304331
江苏,1,2024,3.4674670652173774
江苏,1,2025,3.5282467391304237
江苏,1,2026,3.58902641304347
江苏,1,2027,3.6498060869565165
江苏,2,2023,5.318961936758896
江苏,2,2024,5.350826590909094
江苏,2,2025,5.382691245059291
江苏,2,2026,5.414555899209489
江苏,2,2027,5.446420553359687
江苏,3,2023,10.776073636363648
江苏,3,2024,10.844308468379452
江苏,3,2025,10.912543300395257
江苏,3,2026,10.98077813241106
江苏,3,2027,11.049012964426865
江苏,4,2023,15.654191304347838
江苏,4,2024,15.669831521739143
江苏,4,2025,15.685471739130447
江苏,4,2026,15.701111956521752
江苏,4,2027,15.71675217391306
江苏,5,2023,21.416588537549416
江苏,5,2024,21.459103162055342
江苏,5,2025,21.501617786561283
江苏,5,2026,21.54413241106721
江苏,5,2027,21.586647035573137
江苏,6,2023,25.188458893280654
江苏,6,2024,25.219389525691717
江苏,6,2025,25.250320158102788
江苏,6,2026,25.28125079051386
江苏,6,2027,25.312181422924922
江苏,7,2023,28.062984189723323
江苏,7,2024,28.066570553359686
江苏,7,2025,28.070156916996048
江苏,7,2026,28.073743280632414
江苏,7,2027,28.077329644268776
江苏,8,2023,28.56302766798416
江苏,8,2024,28.64624555335965
江苏,8,2025,28.729463438735138
江苏,8,2026,28.812681324110628
江苏,8,2027,28.895899209486117
江苏,9,2023,23.505454545454537
江苏,9,2024,23.52868626482213
江苏,9,2025,23.551917984189718
江苏,9,2026,23.575149703557305
江苏,9,2027,23.59838142292489
江苏,10,2023,17.328745059288543
江苏,10,2024,17.308987944664032
江苏,10,2025,17.28923083003953
江苏,10,2026,17.269473715415025
江苏,10,2027,17.249716600790514
江苏,11,2023,12.168599525691661
江苏,11,2024,12.24468405138336
江苏,11,2025,12.320768577075057
江苏,11,2026,12.396853102766755
江苏,11,2027,12.472937628458453
江苏,12,2023,4.477278221343871
江苏,12,2024,4.470532312252962
江苏,12,2025,4.463786403162054
江苏,12,2026,4.457040494071144
江苏,12,2027,4.4502945849802344
江西,1,2023,6.129106679841884
江西,1,2024,6.122684555335955
江西,1,2025,6.116262430830025
江西,1,2026,6.109840306324095
江西,1,2027,6.103418181818164
江西,2,2023,8.363409565217367
江西,2,2024,8.326422499999978
江西,2,2025,8.28943543478259
江西,2,2026,8.252448369565187
江西,2,2027,8.215461304347798
江西,3,2023,13.584824505928836
江西,3,2024,13.6250794466403
江西,3,2025,13.665334387351763
江西,3,2026,13.705589328063226
江西,3,2027,13.74584426877469
江西,4,2023,18.411382608695643
江西,4,2024,18.403395652173902
江西,4,2025,18.39540869565216
江西,4,2026,18.387421739130424
江西,4,2027,18.379434782608683
江西,5,2023,22.77798774703557
江西,5,2024,22.768751581027665
江西,5,2025,22.75951541501976
江西,5,2026,22.750279249011857
江西,5,2027,22.74104308300395
江西,6,2023,26.419449407114634
江西,6,2024,26.45356511857708
江西,6,2025,26.48768083003953
江西,6,2026,26.521796541501978
江西,6,2027,26.555912252964426
江西,7,2023,28.63734980237154
江西,7,2024,28.618273517786555
江西,7,2025,28.59919723320158
江西,7,2026,28.580120948616596
江西,7,2027,28.56104466403162
江西,8,2023,28.811232806324114
江西,8,2024,28.867029743082995
江西,8,2025,28.92282667984189
江西,8,2026,28.978623616600785
江西,8,2027,29.03442055335968
江西,9,2023,25.375928063241105
江西,9,2024,25.41263112648221
江西,9,2025,25.449334189723317
江西,9,2026,25.486037252964422
江西,9,2027,25.522740316205528
江西,10,2023,18.997690909090906
江西,10,2024,18.948639426877463
江西,10,2025,18.89958794466402
江西,10,2026,18.85053646245059
江西,10,2027,18.80148498023715
江西,11,2023,13.919315810276665
江西,11,2024,13.923405533596823
江西,11,2025,13.927495256916979
江西,11,2026,13.931584980237137
江西,11,2027,13.935674703557293
江西,12,2023,6.7016897233201576
江西,12,2024,6.624150642292506
江西,12,2025,6.546611561264825
江西,12,2026,6.469072480237173
江西,12,2027,6.391533399209493
河北,1,2023,-5.61041114624507
河北,1,2024,-5.564785335968381
河北,1,2025,-5.519159525691705
河北,1,2026,-5.47353371541503
河北,1,2027,-5.427907905138355
河北,2,2023,-2.5039678146245166
河北,2,2024,-2.528048700988151
河北,2,2025,-2.552129587351793
河北,2,2026,-2.5762104737154274
河北,2,2027,-2.600291360079062
河北,3,2023,6.04462474308302
河北,3,2024,6.101333942687759
河北,3,2025,6.158043142292499
河北,3,2026,6.214752341897238
河北,3,2027,6.271461541501992
河北,4,2023,12.728422292490128
河北,4,2024,12.73385273715416
河北,4,2025,12.739283181818193
河北,4,2026,12.744713626482225
河北,4,2027,12.750144071146257
河北,5,2023,18.984851383399196
河北,5,2024,18.966104940711453
河北,5,2025,18.947358498023704
河北,5,2026,18.928612055335954
河北,5,2027,18.909865612648204
河北,6,2023,23.25476679841898
河北,6,2024,23.248520553359693
河北,6,2025,23.242274308300406
河北,6,2026,23.23602806324112
河北,6,2027,23.22978181818183
河北,7,2023,25.04140039525693
河北,7,2024,25.018612747035583
河北,7,2025,24.995825098814244
河北,7,2026,24.973037450592898
河北,7,2027,24.95024980237155
河北,8,2023,23.767311857707504
河北,8,2024,23.75944219367588
河北,8,2025,23.75157252964426
河北,8,2026,23.74370286561264
河北,8,2027,23.73583320158102
河北,9,2023,19.151775098814234
河北,9,2024,19.167120849802377
河北,9,2025,19.182466600790523
河北,9,2026,19.197812351778666
河北,9,2027,19.21315810276681
河北,10,2023,11.081261897233205
河北,10,2024,11.059291185770753
河北,10,2025,11.037320474308302
河北,10,2026,11.015349762845851
河北,10,2027,10.993379051383407
河北,11,2023,3.1682103201580816
河北,11,2024,3.2163779446640177
河北,11,2025,3.2645455691699397
河北,11,2026,3.312713193675876
河北,11,2027,3.3608808181817977
河北,12,2023,-4.662711501976291
河北,12,2024,-4.666436482213445
河北,12,2025,-4.6701614624506
河北,12,2026,-4.673886442687754
河北,12,2027,-4.677611422924909
河南,1,2023,2.4041896055336167
河南,1,2024,2.4789383349802563
河南,1,2025,2.553687064426896
河南,1,2026,2.6284357938735354
河南,1,2027,2.703184523320175
河南,2,2023,5.253723758893273
河南,2,2024,5.289212778656122
河南,2,2025,5.324701798418971
河南,2,2026,5.360190818181806
河南,2,2027,5.395679837944655
河南,3,2023,11.643345098814223
河南,3,2024,11.69161291501976
河南,3,2025,11.739880731225298
河南,3,2026,11.788148547430836
河南,3,2027,11.83641636363636
河南,4,2023,16.696378656126498
河南,4,2024,16.708298616600807
河南,4,2025,16.720218577075116
河南,4,2026,16.732138537549424
河南,4,2027,16.74405849802374
河南,5,2023,22.585691699604745
河南,5,2024,22.622518181818187
河南,5,2025,22.65934466403163
河南,5,2026,22.69617114624507
河南,5,2027,22.7329976284585
河南,6,2023,27.122369565217383
河南,6,2024,27.178833695652173
河南,6,2025,27.23529782608695
河南,6,2026,27.29176195652174
河南,6,2027,27.348226086956515
河南,7,2023,28.051156126482184
河南,7,2024,28.08995573122526
河南,7,2025,28.12875533596835
河南,7,2026,28.167554940711426
河南,7,2027,28.206354545454516
河南,8,2023,27.541768379446637
河南,8,2024,27.638359584980236
河南,8,2025,27.734950790513835
河南,8,2026,27.831541996047434
河南,8,2027,27.928133201581034
河南,9,2023,23.168297628458475
河南,9,2024,23.25852895256915
河南,9,2025,23.348760276679826
河南,9,2026,23.4389916007905
河南,9,2027,23.529222924901177
河南,10,2023,16.47291462450592
河南,10,2024,16.477474901185758
河南,10,2025,16.482035177865598
河南,10,2026,16.48659545454544
河南,10,2027,16.49115573122528
河南,11,2023,10.657213201581015
河南,11,2024,10.736357490118564
河南,11,2025,10.815501778656113
河南,11,2026,10.894646067193662
河南,11,2027,10.97379035573121
河南,12,2023,4.2898566007905
河南,12,2024,4.361737658102754
河南,12,2025,4.433618715415008
河南,12,2026,4.505499772727262
河南,12,2027,4.577380830039516
浙江,1,2023,7.289530830039524
浙江,1,2024,7.356691007905113
浙江,1,2025,7.423851185770729
浙江,1,2026,7.491011363636346
浙江,1,2027,7.558171541501963
浙江,2,2023,8.25757932806323
浙江,2,2024,8.283005395256907
浙江,2,2025,8.308431462450585
浙江,2,2026,8.333857529644256
浙江,2,2027,8.359283596837933
浙江,3,2023,12.505735177865617
浙江,3,2024,12.565591877470354
浙江,3,2025,12.625448577075105
浙江,3,2026,12.685305276679841
浙江,3,2027,12.745161976284592
浙江,4,2023,17.09929288537549
浙江,4,2024,17.133286857707503
浙江,4,2025,17.167280830039516
浙江,4,2026,17.201274802371543
浙江,4,2027,17.235268774703556
浙江,5,2023,21.574405533596845
浙江,5,2024,21.60015128458499
浙江,5,2025,21.625897035573132
浙江,5,2026,21.651642786561275
浙江,5,2027,21.67738853754942
浙江,6,2023,24.710822529644275
浙江,6,2024,24.714022233201586
浙江,6,2025,24.7172219367589
浙江,6,2026,24.72042164031621
浙江,6,2027,24.723621343873525
浙江,7,2023,28.600232411067203
浙江,7,2024,28.590775691699616
浙江,7,2025,28.581318972332028
浙江,7,2026,28.57186225296444
浙江,7,2027,28.56240553359685
浙江,8,2023,29.33911027667982
浙江,8,2024,29.411991205533596
浙江,8,2025,29.484872134387345
浙江,8,2026,29.557753063241094
浙江,8,2027,29.630633992094843
浙江,9,2023,25.240106719367578
浙江,9,2024,25.263022134387345
浙江,9,2025,25.285937549407105
浙江,9,2026,25.308852964426865
浙江,9,2027,25.331768379446633
浙江,10,2023,20.178750592885375
浙江,10,2024,20.1860185770751
浙江,10,2025,20.193286561264824
浙江,10,2026,20.200554545454544
浙江,10,2027,20.207822529644268
浙江,11,2023,15.62452332015809
浙江,11,2024,15.69873468379447
浙江,11,2025,15.772946047430821
浙江,11,2026,15.8471574110672
浙江,11,2027,15.921368774703552
浙江,12,2023,8.67020007905138
浙江,12,2024,8.676875375494067
浙江,12,2025,8.683550671936754
浙江,12,2026,8.690225968379444
浙江,12,2027,8.69690126482213
海南,1,2023,19.304000395256907
海南,1,2024,19.342702964426863
海南,1,2025,19.38140553359682
海南,1,2026,19.420108102766775
海南,1,2027,19.458810671936746
海南,2,2023,20.30643201581026
海南,2,2024,20.31143359683793
海南,2,2025,20.316435177865593
海南,2,2026,20.321436758893263
海南,2,2027,20.326438339920927
海南,3,2023,24.163358893280645
海南,3,2024,24.247855830039526
海南,3,2025,24.332352766798408
海南,3,2026,24.416849703557318
海南,3,2027,24.5013466403162
海南,4,2023,26.015862845849774
海南,4,2024,25.993955039525666
海南,4,2025,25.97204723320155
海南,4,2026,25.950139426877442
海南,4,2027,25.928231620553326
海南,5,2023,28.830067588932785
海南,5,2024,28.870558003952546
海南,5,2025,28.911048418972307
海南,5,2026,28.951538833992068
海南,5,2027,28.99202924901183
海南,6,2023,29.93543715415018
海南,6,2024,29.98592865612646
海南,6,2025,30.036420158102743
海南,6,2026,30.086911660079025
海南,6,2027,30.137403162055307
海南,7,2023,29.16120592885375
海南,7,2024,29.178624901185767
海南,7,2025,29.196043873517784
海南,7,2026,29.2134628458498
海南,7,2027,29.23088181818181
海南,8,2023,28.59999011857709
海南,8,2024,28.617348715415034
海南,8,2025,28.634707312252978
海南,8,2026,28.652065909090922
海南,8,2027,28.669424505928866
海南,9,2023,28.22979683794466
海南,9,2024,28.280326284584987
海南,9,2025,28.3308557312253
海南,9,2026,28.38138517786561
海南,9,2027,28.431914624505936
海南,10,2023,25.60697272727272
海南,10,2024,25.587165019762836
海南,10,2025,25.567357312252952
海南,10,2026,25.547549604743068
海南,10,2027,25.52774189723319
海南,11,2023,24.25821581027668
海南,11,2024,24.32367075098813
海南,11,2025,24.389125691699604
海南,11,2026,24.45458063241105
海南,11,2027,24.520035573122527
海南,12,2023,19.61234861660079
海南,12,2024,19.586272233201584
海南,12,2025,19.56019584980237
海南,12,2026,19.534119466403162
海南,12,2027,19.508043083003948
湖北,1,2023,9.914201185770764
湖北,1,2024,10.130403458497995
湖北,1,2025,10.346605731225281
湖北,1,2026,10.562808003952568
湖北,1,2027,10.779010276679855
湖北,2,2023,11.580292055335917
湖北,2,2024,11.736991067193628
湖北,2,2025,11.89369007905134
湖北,2,2026,12.05038909090905
湖北,2,2027,12.207088102766761
湖北,3,2023,16.472588932806275
湖北,3,2024,16.633345256916982
湖北,3,2025,16.794101581027633
湖北,3,2026,16.954857905138283
湖北,3,2027,17.11561422924899
湖北,4,2023,20.454671541502023
湖北,4,2024,20.559609387351827
湖北,4,2025,20.66454723320163
湖北,4,2026,20.769485079051435
湖北,4,2027,20.87442292490124
湖北,5,2023,24.066815019762828
湖北,5,2024,24.125141996047418
湖北,5,2025,24.183468972332008
湖北,5,2026,24.241795948616584
湖北,5,2027,24.300122924901174
湖北,6,2023,27.115241106719374
湖北,6,2024,27.155557213438748
湖北,6,2025,27.195873320158107
湖北,6,2026,27.23618942687748
湖北,6,2027,27.27650553359684
湖北,7,2023,28.49755177865613
湖北,7,2024,28.49891768774704
湖北,7,2025,28.50028359683795
湖北,7,2026,28.501649505928857
湖北,7,2027,28.503015415019767
湖北,8,2023,29.060490909090902
湖北,8,2024,29.16233507905136
湖北,8,2025,29.264179249011846
湖北,8,2026,29.366023418972333
湖北,8,2027,29.46786758893279
湖北,9,2023,25.405590909090904
湖北,9,2024,25.490808992094856
湖北,9,2025,25.576027075098807
湖北,9,2026,25.66124515810276
湖北,9,2027,25.74646324110671
湖北,10,2023,20.360779446640308
湖北,10,2024,20.43325998023714
湖北,10,2025,20.50574051383397
湖北,10,2026,20.5782210474308
湖北,10,2027,20.65070158102766
湖北,11,2023,16.617194624505885
湖北,11,2024,16.79789642292485
湖北,11,2025,16.978598221343873
湖北,11,2026,17.15930001976284
湖北,11,2027,17.340001818181804
湖北,12,2023,11.276165770750936
湖北,12,2024,11.460299258893201
湖北,12,2025,11.644432747035523
湖北,12,2026,11.828566235177789
湖北,12,2027,12.012699723320111
湖南,1,2023,5.711870355731207
湖南,1,2024,5.747680167984171
湖南,1,2025,5.783489980237135
湖南,1,2026,5.819299792490099
湖南,1,2027,5.855109604743063
湖南,2,2023,7.752557588932798
湖南,2,2024,7.756454416996038
湖南,2,2025,7.760351245059279
湖南,2,2026,7.76424807312252
湖南,2,2027,7.76814490118576
湖南,3,2023,13.023211343873527
湖南,3,2024,13.071065296442697
湖南,3,2025,13.118919249011867
湖南,3,2026,13.166773201581037
湖南,3,2027,13.214627154150207
湖南,4,2023,17.50253596837944
湖南,4,2024,17.496745849802362
湖南,4,2025,17.490955731225288
湖南,4,2026,17.485165612648213
湖南,4,2027,17.47937549407114
湖南,5,2023,21.39934901185771
湖南,5,2024,21.36882193675889
湖南,5,2025,21.33829486166008
湖南,5,2026,21.307767786561264
湖南,5,2027,21.277240711462447
湖南,6,2023,25.37084505928854
湖南,6,2024,25.37216837944664
湖南,6,2025,25.373491699604745
湖南,6,2026,25.37481501976285
湖南,6,2027,25.376138339920953
湖南,7,2023,27.890042292490122
湖南,7,2024,27.871928063241114
湖南,7,2025,27.8538138339921
湖南,7,2026,27.835699604743084
湖南,7,2027,27.817585375494076
湖南,8,2023,28.384522924901205
湖南,8,2024,28.469487154150215
湖南,8,2025,28.554451383399226
湖南,8,2026,28.639415612648236
湖南,8,2027,28.724379841897246
湖南,9,2023,24.619036363636383
湖南,9,2024,24.688132509881456
湖南,9,2025,24.7572286561265
湖南,9,2026,24.826324802371573
湖南,9,2027,24.895420948616646
湖南,10,2023,18.090068774703553
湖南,10,2024,18.075122332015805
湖南,10,2025,18.060175889328058
湖南,10,2026,18.045229446640313
湖南,10,2027,18.030283003952565
湖南,11,2023,13.558552173913043
湖南,11,2024,13.605548913043478
湖南,11,2025,13.652545652173913
湖南,11,2026,13.699542391304348
湖南,11,2027,13.746539130434783
湖南,12,2023,7.365908418972342
湖南,12,2024,7.384156511857714
湖南,12,2025,7.402404604743094
湖南,12,2026,7.420652697628466
湖南,12,2027,7.438900790513845
甘肃,1,2023,-6.560542964426876
甘肃,1,2024,-6.558941907114623
甘肃,1,2025,-6.557340849802371
甘肃,1,2026,-6.555739792490117
甘肃,1,2027,-6.5541387351778635
甘肃,2,2023,-2.8401359960474366
甘肃,2,2024,-2.8622440790513863
甘肃,2,2025,-2.884352162055343
甘肃,2,2026,-2.906460245059293
甘肃,2,2027,-2.9285683280632497
甘肃,3,2023,5.093691723320177
甘肃,3,2024,5.194315033596837
甘肃,3,2025,5.294938343873525
甘肃,3,2026,5.395561654150214
甘肃,3,2027,5.496184964426874
甘肃,4,2023,10.136652173913042
甘肃,4,2024,10.167229999999996
甘肃,4,2025,10.197807826086951
甘肃,4,2026,10.228385652173912
甘肃,4,2027,10.258963478260867
甘肃,5,2023,14.576289328063254
甘肃,5,2024,14.568234090909105
甘肃,5,2025,14.560178853754955
甘肃,5,2026,14.552123616600806
甘肃,5,2027,14.54406837944666
甘肃,6,2023,19.02367747035573
甘肃,6,2024,19.03953972332016
甘肃,6,2025,19.055401976284585
甘肃,6,2026,19.07126422924901
甘肃,6,2027,19.087126482213442
甘肃,7,2023,20.89322608695653
甘肃,7,2024,20.903076086956535
甘肃,7,2025,20.912926086956535
甘肃,7,2026,20.922776086956535
甘肃,7,2027,20.93262608695654
甘肃,8,2023,19.844899604743077
甘肃,8,2024,19.88454486166006
甘肃,8,2025,19.92419011857706
甘肃,8,2026,19.963835375494057
甘肃,8,2027,20.003480632411055
甘肃,9,2023,15.100267588932823
甘肃,9,2024,15.158415612648227
甘肃,9,2025,15.216563636363645
甘肃,9,2026,15.274711660079063
甘肃,9,2027,15.332859683794481
甘肃,10,2023,8.055056521739122
甘肃,10,2024,8.051903043478251
甘肃,10,2025,8.048749565217381
甘肃,10,2026,8.045596086956511
甘肃,10,2027,8.04244260869564
甘肃,11,2023,1.1125922134387167
甘肃,11,2024,1.11734590513832
甘肃,11,2025,1.1220995968379235
甘肃,11,2026,1.1268532885375269
甘肃,11,2027,1.1316069802371302
甘肃,12,2023,-5.68473699604742
甘肃,12,2024,-5.709984644268758
甘肃,12,2025,-5.735232292490103
甘肃,12,2026,-5.760479940711448
甘肃,12,2027,-5.785727588932787
福建,1,2023,11.429775652173902
福建,1,2024,11.495696195652158
福建,1,2025,11.561616739130415
福建,1,2026,11.627537282608671
福建,1,2027,11.693457826086956
福建,2,2023,12.094511225296435
福建,2,2024,12.108163646245051
福建,2,2025,12.121816067193668
福建,2,2026,12.135468488142285
福建,2,2027,12.149120909090902
福建,3,2023,15.357990909090901
福建,3,2024,15.413937252964416
福建,3,2025,15.469883596837946
福建,3,2026,15.52582994071146
福建,3,2027,15.581776284584976
福建,4,2023,19.437756126482192
福建,4,2024,19.467162252964407
福建,4,2025,19.49656837944662
福建,4,2026,19.52597450592883
福建,4,2027,19.555380632411044
福建,5,2023,22.932083794466394
福建,5,2024,22.9394425889328
福建,5,2025,22.946801383399198
福建,5,2026,22.954160177865603
福建,5,2027,22.961518972332005
福建,6,2023,26.28995415019761
福建,6,2024,26.329503952569162
福建,6,2025,26.3690537549407
福建,6,2026,26.40860355731224
福建,6,2027,26.44815335968378
福建,7,2023,28.62252766798418
福建,7,2024,28.65411294466402
福建,7,2025,28.685698221343863
福建,7,2026,28.717283498023704
福建,7,2027,28.748868774703553
福建,8,2023,28.569298814229256
福建,8,2024,28.62567806324111
福建,8,2025,28.682057312252965
福建,8,2026,28.738436561264834
福建,8,2027,28.79481581027669
福建,9,2023,26.808964031620548
福建,9,2024,26.88113567193676
福建,9,2025,26.953307312252974
福建,9,2026,27.025478952569188
福建,9,2027,27.097650592885373
福建,10,2023,22.34724624505929
福建,10,2024,22.38956422924901
福建,10,2025,22.431882213438733
福建,10,2026,22.474200197628456
福建,10,2027,22.516518181818192
福建,11,2023,18.455518577075082
福建,11,2024,18.542803458497986
福建,11,2025,18.630088339920917
福建,11,2026,18.71737322134385
福建,11,2027,18.80465810276678
福建,12,2023,12.466986166007903
福建,12,2024,12.48655494071146
福建,12,2025,12.506123715415018
福建,12,2026,12.525692490118576
福建,12,2027,12.545261264822134
西藏,1,2023,-5.473224268774696
西藏,1,2024,-5.479323754940704
西藏,1,2025,-5.48542324110671
西藏,1,2026,-5.491522727272717
西藏,1,2027,-5.497622213438725
西藏,2,2023,-2.7268244901186094
西藏,2,2024,-2.701679154150227
西藏,2,2025,-2.676533818181852
西藏,2,2026,-2.651388482213477
西藏,2,2027,-2.626243146245095
西藏,3,2023,1.4474596513834115
西藏,3,2024,1.5055917647233343
西藏,3,2025,1.5637238780632572
西藏,3,2026,1.62185599140318
西藏,3,2027,1.679988104743103
西藏,4,2023,4.878249960474307
西藏,4,2024,4.898045138339917
西藏,4,2025,4.917840316205535
西藏,4,2026,4.937635494071145
西藏,4,2027,4.957430671936756
西藏,5,2023,9.13624031620553
西藏,5,2024,9.173487588932815
西藏,5,2025,9.210734861660086
西藏,5,2026,9.247982134387357
西藏,5,2027,9.285229407114628
西藏,6,2023,13.335518972331997
西藏,6,2024,13.390277075098794
西藏,6,2025,13.445035177865591
西藏,6,2026,13.499793280632389
西藏,6,2027,13.554551383399186
西藏,7,2023,14.53703754940711
西藏,7,2024,14.567778359683793
西藏,7,2025,14.598519169960468
西藏,7,2026,14.629259980237151
西藏,7,2027,14.660000790513834
西藏,8,2023,14.60983913043475
西藏,8,2024,14.683839130434762
西藏,8,2025,14.757839130434775
西藏,8,2026,14.831839130434759
西藏,8,2027,14.90583913043477
西藏,9,2023,11.639967351778637
西藏,9,2024,11.688393942687725
西藏,9,2025,11.736820533596813
西藏,9,2026,11.785247124505915
西藏,9,2027,11.833673715415003
西藏,10,2023,6.319969644268781
西藏,10,2024,6.397379288537564
西藏,10,2025,6.4747889328063195
西藏,10,2026,6.552198577075103
西藏,10,2027,6.6296082213438865
西藏,11,2023,0.49439061383399974
西藏,11,2024,0.5567215622332071
西藏,11,2025,0.6190525106324145
西藏,11,2026,0.6813834590316219
西藏,11,2027,0.7437144074308293
西藏,12,2023,-3.8109730039525616
西藏,12,2024,-3.794601551383394
西藏,12,2025,-3.778230098814227
西藏,12,2026,-3.7618586462450523
西藏,12,2027,-3.745487193675885
贵州,1,2023,6.078955375494068
贵州,1,2024,6.111466077075086
贵州,1,2025,6.143976778656118
贵州,1,2026,6.176487480237149
贵州,1,2027,6.208998181818181
贵州,2,2023,8.128132173913027
贵州,2,2024,8.115472717391288
贵州,2,2025,8.102813260869546
贵州,2,2026,8.090153804347807
贵州,2,2027,8.077494347826065
贵州,3,2023,13.50287260869564
贵州,3,2024,13.578681304347839
贵州,3,2025,13.65449000000001
贵州,3,2026,13.73029869565218
贵州,3,2027,13.806107391304351
贵州,4,2023,16.98286758893278
贵州,4,2024,16.984327569169935
贵州,4,2025,16.985787549407085
贵州,4,2026,16.987247529644236
贵州,4,2027,16.98870750988139
贵州,5,2023,20.079159683794465
贵州,5,2024,20.075504150197627
贵州,5,2025,20.07184861660079
贵州,5,2026,20.068193083003948
贵州,5,2027,20.06453754940711
贵州,6,2023,22.931067588932798
贵州,6,2024,22.96772104743082
贵州,6,2025,23.004374505928844
贵州,6,2026,23.041027964426867
贵州,6,2027,23.07768142292489
贵州,7,2023,24.77300158102767
贵州,7,2024,24.802489031620553
贵州,7,2025,24.83197648221344
贵州,7,2026,24.861463932806323
贵州,7,2027,24.890951383399212
贵州,8,2023,24.89592845849799
贵州,8,2024,24.97515365612645
贵州,8,2025,25.054378853754912
贵州,8,2026,25.133604051383372
贵州,8,2027,25.212829249011833
贵州,9,2023,21.696522529644263
贵州,9,2024,21.731403754940708
贵州,9,2025,21.766284980237153
贵州,9,2026,21.801166205533598
贵州,9,2027,21.836047430830043
贵州,10,2023,16.55773675889328
贵州,10,2024,16.54731699604743
贵州,10,2025,16.536897233201582
贵州,10,2026,16.526477470355733
贵州,10,2027,16.51605770750988
贵州,11,2023,12.833500000000008
贵州,11,2024,12.868020652173918
贵州,11,2025,12.902541304347828
贵州,11,2026,12.937061956521738
贵州,11,2027,12.971582608695648
贵州,12,2023,6.7598235177865575
贵州,12,2024,6.734906709486161
贵州,12,2025,6.709989901185764
贵州,12,2026,6.685073092885368
贵州,12,2027,6.660156284584971
辽宁,1,2023,-7.565527351778655
辽宁,1,2024,-7.4491583992094945
辽宁,1,2025,-7.332789446640334
辽宁,1,2026,-7.216420494071173
辽宁,1,2027,-7.100051541501983
辽宁,2,2023,-4.499025375098839
辽宁,2,2024,-4.482331891502
辽宁,2,2025,-4.4656384079051605
辽宁,2,2026,-4.4489449243083286
辽宁,2,2027,-4.4322514407114895
辽宁,3,2023,3.8746990474308234
辽宁,3,2024,3.9672273448616693
辽宁,3,2025,4.059755642292487
辽宁,3,2026,4.152283939723304
辽宁,3,2027,4.24481223715415
辽宁,4,2023,10.977060830039527
辽宁,4,2024,11.005567529644274
辽宁,4,2025,11.034074229249015
辽宁,4,2026,11.062580928853762
辽宁,4,2027,11.091087628458503
辽宁,5,2023,17.33308221343873
辽宁,5,2024,17.319842687747027
辽宁,5,2025,17.306603162055325
辽宁,5,2026,17.293363636363626
辽宁,5,2027,17.280124110671924
辽宁,6,2023,21.422754150197633
辽宁,6,2024,21.390623517786565
辽宁,6,2025,21.35849288537551
辽宁,6,2026,21.326362252964444
辽宁,6,2027,21.294231620553376
辽宁,7,2023,25.253667193675895
辽宁,7,2024,25.299208300395264
辽宁,7,2025,25.344749407114634
辽宁,7,2026,25.39029051383399
辽宁,7,2027,25.43583162055336
辽宁,8,2023,24.115276679841905
辽宁,8,2024,24.132377272727275
辽宁,8,2025,24.149477865612653
辽宁,8,2026,24.16657845849803
辽宁,8,2027,24.183679051383407
辽宁,9,2023,19.011890513833997
辽宁,9,2024,19.019347332015812
辽宁,9,2025,19.026804150197634
辽宁,9,2026,19.03426096837945
辽宁,9,2027,19.04171778656127
辽宁,10,2023,10.93153169960474
辽宁,10,2024,10.922715899209486
辽宁,10,2025,10.913900098814228
辽宁,10,2026,10.90508429841897
辽宁,10,2027,10.896268498023712
辽宁,11,2023,2.983603636363597
辽宁,11,2024,3.06563837055333
辽宁,11,2025,3.147673104743035
辽宁,11,2026,3.229707838932768
辽宁,11,2027,3.311742573122501
辽宁,12,2023,-5.6484093675889255
辽宁,12,2024,-5.5776996047430885
辽宁,12,2025,-5.506989841897223
辽宁,12,2026,-5.436280079051386
辽宁,12,2027,-5.36557031620552
重庆,1,2023,7.431047786561251
重庆,1,2024,7.483696551383389
重庆,1,2025,7.5363453162055265
重庆,1,2026,7.58899408102765
重庆,1,2027,7.641642845849788
重庆,2,2023,9.30514557312252
重庆,2,2024,9.319252124505919
重庆,2,2025,9.333358675889315
重庆,2,2026,9.347465227272714
重庆,2,2027,9.361571778656113
重庆,3,2023,14.662576284584958
重庆,3,2024,14.736677569169927
重庆,3,2025,14.810778853754925
重庆,3,2026,14.884880138339895
重庆,3,2027,14.958981422924865
重庆,4,2023,18.73547747035572
重庆,4,2024,18.782486462450578
重庆,4,2025,18.829495454545437
重庆,4,2026,18.876504446640297
重庆,4,2027,18.923513438735156
重庆,5,2023,21.598005138339925
重庆,5,2024,21.596626581027675
重庆,5,2025,21.59524802371542
重庆,5,2026,21.59386946640317
重庆,5,2027,21.592490909090916
重庆,6,2023,25.286276679841905
重庆,6,2024,25.33525553359685
重庆,6,2025,25.384234387351782
重庆,6,2026,25.433213241106728
重庆,6,2027,25.482192094861674
重庆,7,2023,28.575364031620552
重庆,7,2024,28.61023675889328
重庆,7,2025,28.645109486166007
重庆,7,2026,28.679982213438734
重庆,7,2027,28.71485494071146
重庆,8,2023,29.893229249011824
重庆,8,2024,30.05231828063239
重庆,8,2025,30.211407312252902
重庆,8,2026,30.37049634387347
重庆,8,2027,30.529585375494037
重庆,9,2023,23.665281027667987
重庆,9,2024,23.67352292490119
重庆,9,2025,23.68176482213439
重庆,9,2026,23.69000671936759
重庆,9,2027,23.698248616600793
重庆,10,2023,18.30582252964427
重庆,10,2024,18.322124407114625
重庆,10,2025,18.33842628458498
重庆,10,2026,18.354728162055334
重庆,10,2027,18.37103003952569
重庆,11,2023,13.762148616600783
重庆,11,2024,13.79622005928853
重庆,11,2025,13.830291501976276
重庆,11,2026,13.864362944664023
重庆,11,2027,13.89843438735177
重庆,12,2023,8.513561462450589
重庆,12,2024,8.539859555335958
重庆,12,2025,8.566157648221335
重庆,12,2026,8.592455741106711
重庆,12,2027,8.618753833992088
陕西,1,2023,0.18286401027671673
陕西,1,2024,0.25299971837947055
陕西,1,2025,0.3231354264822528
陕西,1,2026,0.3932711345850066
陕西,1,2027,0.46340684268776045
陕西,2,2023,3.0894873083003915
陕西,2,2024,3.1180964209486106
陕西,2,2025,3.1467055335968297
陕西,2,2026,3.1753146462450488
陕西,2,2027,3.203923758893275
陕西,3,2023,9.92309944664035
陕西,3,2024,10.020839980237184
陕西,3,2025,10.118580513834019
陕西,3,2026,10.216321047430853
陕西,3,2027,10.314061581027687
陕西,4,2023,14.815684980237165
陕西,4,2024,14.867559090909097
陕西,4,2025,14.919433201581029
陕西,4,2026,14.971307312252975
陕西,4,2027,15.023181422924907
陕西,5,2023,19.007199604743096
陕西,5,2024,19.020562252964442
陕西,5,2025,19.033924901185785
陕西,5,2026,19.04728754940713
陕西,5,2027,19.060650197628476
陕西,6,2023,23.561542292490124
陕西,6,2024,23.600772628458508
陕西,6,2025,23.640002964426877
陕西,6,2026,23.67923330039526
陕西,6,2027,23.718463636363644
陕西,7,2023,25.315341106719373
陕西,7,2024,25.346296343873526
陕西,7,2025,25.37725158102768
陕西,7,2026,25.408206818181824
陕西,7,2027,25.439162055335977
陕西,8,2023,24.913479051383348
陕西,8,2024,25.031288537549358
陕西,8,2025,25.149098023715368
陕西,8,2026,25.266907509881378
陕西,8,2027,25.384716996047388
陕西,9,2023,19.48366837944667
陕西,9,2024,19.550680237154182
陕西,9,2025,19.617692094861667
陕西,9,2026,19.68470395256918
陕西,9,2027,19.751715810276693
陕西,10,2023,12.952311067193666
陕西,10,2024,12.95506561264821
陕西,10,2025,12.957820158102756
陕西,10,2026,12.960574703557299
陕西,10,2027,12.963329249011846
陕西,11,2023,7.324343478260872
陕西,11,2024,7.388938586956513
陕西,11,2025,7.453533695652155
陕西,11,2026,7.518128804347825
陕西,11,2027,7.582723913043466
陕西,12,2023,1.0782679494071203
陕西,12,2024,1.1201285477272762
陕西,12,2025,1.161989146047432
陕西,12,2026,1.203849744367588
陕西,12,2027,1.2457103426877438
青海,1,2023,-10.830248300395247
青海,1,2024,-10.849396600790506
青海,1,2025,-10.868544901185764
青海,1,2026,-10.887693201581023
青海,1,2027,-10.906841501976274
青海,2,2023,-7.0586348616601065
青海,2,2024,-7.052752984189754
青海,2,2025,-7.046871106719401
青海,2,2026,-7.040989229249046
青海,2,2027,-7.035107351778693
青海,3,2023,-1.2923455573122737
青海,3,2024,-1.2109106689723603
青海,3,2025,-1.1294757806324185
青海,3,2026,-1.048040892292505
青海,3,2027,-0.9666060039525917
青海,4,2023,2.7224344189723215
青海,4,2024,2.72775641403161
青海,4,2025,2.733078409090897
青海,4,2026,2.7384004041501857
青海,4,2027,2.7437223992094726
青海,5,2023,7.0838019367588885
青海,5,2024,7.111492677865606
青海,5,2025,7.13918341897233
青海,5,2026,7.166874160079047
青海,5,2027,7.194564901185771
青海,6,2023,10.901670632411069
青海,6,2024,10.933098112648224
青海,6,2025,10.964525592885373
青海,6,2026,10.995953073122529
青海,6,2027,11.027380553359684
青海,7,2023,12.948526877470364
青海,7,2024,12.938233102766805
青海,7,2025,12.92793932806325
青海,7,2026,12.917645553359694
青海,7,2027,12.907351778656135
青海,8,2023,13.434932015810261
青海,8,2024,13.509677075098807
青海,8,2025,13.584422134387353
青海,8,2026,13.659167193675898
青海,8,2027,13.733912252964416
青海,9,2023,8.658497312252962
青海,9,2024,8.672377124505925
青海,9,2025,8.686256936758891
青海,9,2026,8.700136749011854
青海,9,2027,8.714016561264817
青海,10,2023,2.758804553359667
青海,10,2024,2.805317932806304
青海,10,2025,2.851831312252955
青海,10,2026,2.8983446916995916
青海,10,2027,2.9448580711462284
青海,11,2023,-3.9193066403162504
青海,11,2024,-3.857950237154199
青海,11,2025,-3.796593833992148
青海,11,2026,-3.7352374308300824
青海,11,2027,-3.673881027668031
青海,12,2023,-9.833925573122528
青海,12,2024,-9.855247667984194
青海,12,2025,-9.876569762845854
青海,12,2026,-9.897891857707513
青海,12,2027,-9.919213952569173
黑龙江,1,2023,-19.239570355731246
黑龙江,1,2024,-19.205866798418995
黑龙江,1,2025,-19.172163241106745
黑龙江,1,2026,-19.138459683794494
黑龙江,1,2027,-19.10475612648223
黑龙江,2,2023,-14.716598418972346
黑龙江,2,2024,-14.695288142292505
黑龙江,2,2025,-14.673977865612663
黑龙江,2,2026,-14.652667588932822
黑龙江,2,2027,-14.63135731225298
黑龙江,3,2023,-3.2800650197628727
黑龙江,3,2024,-3.1854400938735523
黑龙江,3,2025,-3.0908151679842035
黑龙江,3,2026,-2.996190242094883
黑龙江,3,2027,-2.901565316205563
黑龙江,4,2023,6.052994071146244
黑龙江,4,2024,6.071403142292489
黑龙江,4,2025,6.089812213438734
黑龙江,4,2026,6.108221284584978
黑龙江,4,2027,6.126630355731223
黑龙江,5,2023,13.857307509881425
黑龙江,5,2024,13.852975889328064
黑龙江,5,2025,13.848644268774706
黑龙江,5,2026,13.844312648221345
黑龙江,5,2027,13.839981027667987
黑龙江,6,2023,18.969521343873552
黑龙江,6,2024,18.907474209486196
黑龙江,6,2025,18.84542707509884
黑龙江,6,2026,18.783379940711498
黑龙江,6,2027,18.721332806324142
黑龙江,7,2023,23.14288260869563
黑龙江,7,2024,23.213471739130426
黑龙江,7,2025,23.284060869565195
黑龙江,7,2026,23.354649999999992
黑龙江,7,2027,23.42523913043476
黑龙江,8,2023,19.951821739130445
黑龙江,8,2024,19.92508260869566
黑龙江,8,2025,19.898343478260884
黑龙江,8,2026,19.8716043478261
黑龙江,8,2027,19.844865217391316
黑龙江,9,2023,14.202426482213443
黑龙江,9,2024,14.208317094861664
黑龙江,9,2025,14.214207707509887
黑龙江,9,2026,14.220098320158108
黑龙江,9,2027,14.22598893280633
黑龙江,10,2023,4.857864426877466
黑龙江,10,2024,4.870613201581023
黑龙江,10,2025,4.883361976284579
黑龙江,10,2026,4.896110750988139
黑龙江,10,2027,4.908859525691696
黑龙江,11,2023,-6.416965415019774
黑龙江,11,2024,-6.32932789525691
黑龙江,11,2025,-6.241690375494073
黑龙江,11,2026,-6.154052855731237
黑龙江,11,2027,-6.066415335968372
黑龙江,12,2023,-17.22246403162059
黑龙江,12,2024,-17.178183498023756
黑龙江,12,2025,-17.133902964426923
黑龙江,12,2026,-17.089622430830076
黑龙江,12,2027,-17.045341897233243
